delta_g_fro,norm_r0,norm_r1,reduction,step
1.476466608,1.554175377,0.07770876885,0.05,1
1.476466608,1.554175377,0.07770876885,0.05,1
